N_read,N_write,r_Z_read,r_Z_write,C_DB,r_DB_read,r_DB_write,R0,R0_low,R0_up,R0_read,R0_read_low,R0_read_up,R0_write,R0_write_low,R0_write_up,X0,X0_low,X0_up,X0_read,X0_read_low,X0_read_up,X0_write,X0_write_low,X0_write_up,U_DBread,U_DBread_low,U_DBread_up,U_DBwrite,U_DBwrite_low,U_DBwrite_up,sim_time_sec
90,10,0.1,0.0038461538461538464,1,0.3333333333333333,0.027777777777777776,521.2231880194507,507.8888189677356,534.5575570711659,499.5621972174383,486.3958398564915,512.7285545783852,769.0169984354311,746.055384170573,791.9786127002892,0.1919948927235863,0.1872549311550611,0.19698105037917213,0.17903314628846628,0.17382182300759003,0.1845666071631676,0.012921897874749936,0.012547539701750095,0.013319281095287397,0.5424352706008707,0.5341619291293039,0.5507086120724375,0.4620705094684647,0.4529652143509832,0.47117580458594616,8.267976999282837
90,10,0.1,0.002631578947368421,1,0.3333333333333333,0.027777777777777776,489.12037198284224,476.9003827781366,501.3403611875479,467.81220833944013,456.1114118262786,479.5130048526017,852.3786138545122,827.8794000998274,876.877827609197,0.20593800757440425,0.2008067195102894,0.21133841595681693,0.1953380072404985,0.19042465790682317,0.20051162104926604,0.011732565292357187,0.011405714758713548,0.012078701425891361,0.5844341336588198,0.5679401477093631,0.6009281196082765,0.42011892685103847,0.41045324828144397,0.42978460542063296,8.491942882537842
90,10,0.1,0.0034482758620689655,1,0.3333333333333333,0.027777777777777776,511.4287671113905,499.9992720662391,522.858262156542,494.2953278225528,482.97851432688833,505.61214131821725,796.6382629842121,774.3721077128629,818.9044182555614,0.19584498969425532,0.1906748605735008,0.20130330806943952,0.18368039752195542,0.17907741353924633,0.18852625332948067,0.012538665243626932,0.01218358637386982,0.012915062272704508,0.5494077540251532,0.5342310599899462,0.5645844480603601,0.4520660807171122,0.44127326754604007,0.4628588938881843,8.734799146652222
90,10,0.1,0.005,1,0.3333333333333333,0.027777777777777776,540.5905508321282,526.9166419920958,554.2644596721606,518.7692451511681,504.6188311066902,532.919659195646,735.9453232232195,724.1137862284779,747.776860217961,0.1840542964290565,0.179337670487413,0.18902572052897754,0.17212211751319487,0.16803132213048033,0.1764170675024026,0.013552132681571998,0.013159587221572495,0.013968817161564374,0.5145451407017563,0.5037429082236702,0.5253473731798424,0.48591679904776014,0.47853538641110854,0.49329821168441174,9.759941101074219
90,10,0.1,0.003125,1,0.3333333333333333,0.027777777777777776,506.129011399039,491.0990055556093,521.1590172424686,484.899464738709,470.5680434583552,499.23088601906284,817.7627464062111,795.2654294663865,840.2600633460357,0.1978521332191188,0.19227696989193632,0.20376026007457843,0.18548993528046714,0.18026409290570633,0.19102781720593198,0.012263202836438121,0.011927256936218145,0.012618621882969867,0.5550550352223973,0.5401456822442956,0.569964388200499,0.4383589734962834,0.42916237285151293,0.44755557414105385,10.365901231765747
90,10,0.1,0.004347826086956522,1,0.3333333333333333,0.027777777777777776,531.4316690513589,516.7013259596412,546.1620121430766,524.1193194218287,510.39564927842594,537.8429895652314,758.7836109699896,747.9880571926776,769.5791647473015,0.18865587277903442,0.1833650023584075,0.19426114383161444,0.1733767276697652,0.16923507883705896,0.17772617708003535,0.013174595101041632,0.012996519059766046,0.013357618869031087,0.5257159613016136,0.5146473102576494,0.5367846123455777,0.4771353120616513,0.46886841632786813,0.4854022077954344,11.310274124145508
90,10,0.1,0.002857142857142857,1,0.3333333333333333,0.027777777777777776,497.4095860640446,483.61812821710083,511.2010439109884,475.7073144533041,461.85838191430304,489.55624699230515,844.4166926251869,822.1548182025045,866.6785670478693,0.2014889812632423,0.19808195380423124,0.20501526225247813,0.18989761388838072,0.18716158464090205,0.1927148233825675,0.011937160253689875,0.011778587168997661,0.012100061288934708,0.5689399328099056,0.554645431270411,0.5832344343494003,0.4321295186236768,0.42243035961213354,0.4418286776352201,15.317389965057373
90,10,0.1,0.0024390243902439024,1,0.3333333333333333,0.027777777777777776,475.54422400654994,461.8487910146,489.23965699849987,453.334453951358,444.48405966761453,462.18484823510147,890.4679818486727,865.7708948496985,915.1650688476469,0.20953904580981775,0.2054586545624794,0.213784793461142,0.1954423620823779,0.19033595270813092,0.2008303185168624,0.011333347626102495,0.011174661044131078,0.01149660601084711,0.5881086885674109,0.5716055156766977,0.6046118614581242,0.4066768929187582,0.3994574192022664,0.41389636663525,15.930638074874878
90,10,0.1,0.0022727272727272726,1,0.3333333333333333,0.027777777777777776,475.3070229095603,464.18871663414603,486.4253291849746,451.37604061896457,440.76110620234823,461.9909750355809,905.6014967479484,891.0364565478378,920.166536948059,0.20728280622257983,0.20141484822434147,0.21350293480281288,0.1967141117039171,0.19222820988781825,0.20141438517987634,0.011070423450945947,0.010933535523826612,0.011210782511937752,0.5918485120718741,0.5745607759699806,0.6091362481737675,0.3965294083437861,0.38941465847666146,0.4036441582109107,16.46684718132019
90,10,0.1,0.004761904761904762,1,0.3333333333333333,0.027777777777777776,547.0388670872331,531.0768815812017,563.0008525932645,527.5287723265112,513.4557613073991,541.6017833456233,745.8739065521398,725.4359698207628,766.3118432835169,0.18301245946954664,0.17779068531872289,0.18855024564243944,0.17058073088908768,0.16716286762026522,0.1741412768537351,0.013413691684982217,0.013084985690812116,0.013759337983562827,0.510383591056219,0.4977963019987863,0.5229708801136518,0.49182468835340404,0.47963731528429865,0.5040120614225094,8.997096061706543
90,10,0.1,0.003703703703703704,1,0.3333333333333333,0.027777777777777776,510.9627499938954,498.98152373440615,522.9439762533847,496.1048020529775,482.1045393966692,510.1050647092858,774.6875079003655,752.5459044954825,796.8291113052485,0.19517973499921099,0.19114457910289165,0.199388933258855,0.18222970002039673,0.17728318194638207,0.18746017439838947,0.012864871445682467,0.01252006223437028,0.01322921099315778,0.546177888824052,0.5322241751019355,0.5601316025461686,0.45940502972281777,0.4513468198287673,0.46746323961686825,10.609627962112427
90,10,0.1,0.002127659574468085,1,0.3333333333333333,0.027777777777777776,467.5251429133166,454.4262330580436,480.6240527685896,444.0369887093144,431.3492870421448,456.72469037648403,928.6357273267575,915.0636913441438,942.2077633093713,0.21445603900045887,0.21071935347246204,0.21832764228629314,0.20310111906426082,0.19727019127928153,0.20928724795284917,0.010767665634671275,0.010603962787894815,0.010936502189266095,0.6092142784969996,0.591313686795243,0.6271148701987562,0.3919873770341354,0.38238716574970494,0.40158758831856584,18.906625986099243
90,10,0.1,0.0030303030303030303,1,0.3333333333333333,0.027777777777777776,504.6539775713996,492.7685896337061,516.539365509093,484.0915447414095,471.51832056929953,496.6647689135195,826.8831158016712,804.9511109529391,848.8151206504034,0.19738120099587192,0.19222649955282028,0.20281997462121376,0.1855958887441117,0.18140688854459208,0.1899829245125622,0.012183103851919256,0.011870370798055531,0.012512761119042407,0.5583797090992264,0.546292336584132,0.5704670816143208,0.43518191231772724,0.4258941657606727,0.4444696588747818,10.245213031768799
90,10,0.1,0.004166666666666667,1,0.3333333333333333,0.027777777777777776,523.3170410620432,508.021613687217,538.6124684368694,508.15972985340477,493.00103487464196,523.3184248321676,760.8114607865084,750.9434416093994,770.6794799636174,0.1907991965002727,0.18531258419331784,0.19662060932898814,0.17604935500890825,0.1726287299847083,0.17960827926598374,0.013145949263654986,0.012977580097605494,0.013318744647092524,0.5311006030969421,0.5173291320108481,0.5448720741830361,0.4727469997117386,0.4598729385668028,0.48562106085667445,9.347867965698242
90,10,0.1,0.002564102564102564,1,0.3333333333333333,0.027777777777777776,486.8985827574278,478.25774235080377,495.5394231640518,467.05105559382906,453.2702411640885,480.83187002356965,868.2872127320226,844.1631560073131,892.411269456732,0.2053837528934719,0.20045046993550322,0.21056598870432902,0.1935093950630398,0.18898313803785663,0.1982577853319984,0.011515185891924245,0.011358558256986088,0.011676193524713495,0.5782215053510539,0.5616443577873041,0.5947986529148036,0.4136611447488237,0.4047400458001193,0.4225822436975281,13.826128005981445
90,10,0.1,0.0033333333333333335,1,0.3333333333333333,0.027777777777777776,503.8246374426146,490.0270468030679,517.6222280821613,481.0407528074445,470.63499001064883,491.4465156042402,800.6705782009408,789.0310259484945,812.310130453387,0.19419858517514438,0.18914591760671814,0.19952860619951443,0.1840440104182607,0.18001579995961228,0.18825662569255752,0.012483141351682192,0.012317915912193401,0.012652859532250102,0.5482484418532456,0.5330622958956843,0.5634345878108069,0.446246291699218,0.4370722857598574,0.45542029763857855,15.0575590133667
90,10,0.1,0.002777777777777778,1,0.3333333333333333,0.027777777777777776,491.55726618307847,477.4073207270893,505.7072116390676,466.64669609363284,453.6845214469024,479.6088707403633,844.2693270651773,819.7929684946274,868.7456856357272,0.204541277495258,0.19992411516913305,0.2093767442661092,0.19271886270358624,0.18729636987579001,0.19846469419820753,0.011857249586372779,0.011542592344041898,0.01218954305108193,0.5811108933683498,0.5668840831794183,0.5953377035572812,0.42382389581990026,0.41420013880695017,0.43344765283285036,11.647353887557983
90,10,0.1,0.002380952380952381,1,0.3333333333333333,0.027777777777777776,473.60329036396035,460.2812409748704,486.9253397530503,449.83988505373924,438.37246285832003,461.30730724915844,892.223578877311,867.7087263391055,916.7384314155164,0.2107451532298611,0.20642121024899826,0.21525412080956668,0.19937611002118014,0.1953597963823352,0.20356102909162158,0.01123184654363576,0.011085396931221814,0.011382217463713255,0.6023798943619069,0.5897037779348677,0.615056010788946,0.4053099667886017,0.39668437073386054,0.4139355628433429,11.086672067642212
90,10,0.1,0.0022222222222222222,1,0.3333333333333333,0.027777777777777776,471.25036664117624,459.37766311400725,483.12307016834524,444.31029979252634,432.4363756476159,456.1842239374368,913.4183495308343,901.4774719321916,925.3592271294771,0.21299696049660696,0.20748666126446977,0.21880792261149115,0.20235044864368124,0.19696714876778137,0.20803627838022937,0.010995206837177817,0.010720903079817356,0.011283915770611283,0.6018952719454859,0.5839275457269111,0.6198629981640607,0.3952080147902556,0.3851528563616927,0.40526317321881844,12.246257781982422
90,10,0.1,0.0035714285714285713,1,0.3333333333333333,0.027777777777777776,515.5949549455304,501.39816276290406,529.7917471281567,493.30066219030067,481.6937654693715,504.90755891122984,791.3910246252372,779.6517405975444,803.1303086529299,0.194814065251751,0.18955022350796005,0.20037861320767145,0.1821994852397521,0.17759228256835585,0.18705210001799552,0.012627481522781408,0.01227923840293161,0.01299605375477069,0.5418479551542383,0.5257974986890807,0.557898411619396,0.45516128766739694,0.44294896708986964,0.46737360824492424,11.195281744003296
90,10,0.1,0.004,1,0.3333333333333333,0.027777777777777776,527.5943415938415,515.437198758666,539.751484429017,511.6486095779958,497.24308234213277,526.0541368138588,769.9146978081737,747.476319684232,792.3530759321155,0.19220741874631297,0.1872679469762602,0.19741452157442793,0.1767903809576795,0.17314881488055048,0.18058841236107281,0.012984112865240333,0.0126227130857482,0.013366817018473627,0.5391896317970358,0.5235387162840683,0.5548405473100033,0.46898400105557403,0.4566123238149504,0.48135567829619763,11.063858985900879
90,10,0.1,0.0025,1,0.3333333333333333,0.027777777777777776,478.1642887616399,464.3509854149008,491.97759210837904,456.3741195813332,446.19011223367636,466.5581269289901,875.4012837583003,849.3578410409139,901.4447264756868,0.20783033237279172,0.20180474014954372,0.21422682989443786,0.19685621726223357,0.19277389327875993,0.20111518262049974,0.011434514557727652,0.011120199152681995,0.011767115218501814,0.5906493398878959,0.5735470068669019,0.60775167290889,0.41049131177984277,0.4003600954155093,0.4206225281441762,9.630336999893188
90,10,0.1,0.002702702702702703,1,0.3333333333333333,0.027777777777777776,496.5882775284128,481.7410521310455,511.4355029257801,474.7148142758047,460.8392573270131,488.5903712245963,852.5841613971228,832.3080527623836,872.860270031862,0.2009029807729565,0.19514724887537246,0.20700855357371842,0.18986275378052103,0.18452174307261385,0.1955221736723344,0.011726638244901819,0.01143831219551115,0.012029875866319175,0.5801359687390599,0.5646635142025436,0.5956084232755763,0.4209296566820814,0.4083500451021664,0.43350926826199637,7.64764404296875
90,10,0.1,0.004545454545454545,1,0.3333333333333333,0.027777777777777776,531.9873867323695,516.6916829248959,547.2830905398431,510.9082787048554,497.354052522597,524.4625048871138,748.3647313827682,737.4864941702465,759.24296859529,0.1876894378297501,0.18302170913800134,0.1926014861726248,0.1753111076194401,0.17267068824610876,0.17803353373796196,0.013332009483754135,0.012994021922068345,0.013688049397164235,0.5268107249425963,0.518115010828572,0.5355064390566205,0.47925628084012756,0.4719238451085735,0.4865887165716816,15.9652419090271
90,10,0.1,0.0029411764705882353,1,0.3333333333333333,0.027777777777777776,493.86467311152137,481.1417024223422,506.58764380070056,481.2764997886393,469.400900212394,493.1520993648846,833.8737883640746,822.9054611613516,844.8421155667976,0.20238387931348464,0.19702874765682438,0.20803824292140255,0.1901332280000182,0.18517686506001801,0.19536220735495483,0.011919313586211414,0.011617953359873614,0.01223672422364851,0.5694068480023996,0.5554779839603523,0.5833357120444469,0.43614658071350504,0.42754487369959715,0.4447482877274129,14.260752201080322
90,10,0.1,0.0020833333333333333,1,0.3333333333333333,0.027777777777777776,463.02986904032707,450.37810452524457,475.6816335554096,438.5782848252638,426.9298844327076,450.22668521782,939.6990977872299,925.4481610327823,953.9500345416775,0.21662669517932684,0.21132392648805967,0.22220243928820446,0.20860402579419196,0.20288354726076166,0.21465645163258834,0.010658827557397114,0.01049671513707698,0.010826025889104909,0.617568947003092,0.6012345759515638,0.6339033180546201,0.3862285003308241,0.3753135538653543,0.39714344679629393,15.948743343353271
90,10,0.1,0.0032258064516129032,1,0.3333333333333333,0.027777777777777776,503.3675553310643,493.2314119559469,513.5036987061817,483.7974765594519,472.5313272541429,495.0636258647609,810.9364424425581,797.5216849151818,824.3511999699344,0.19680878141144803,0.19337248173145183,0.20036941922821425,0.1855326743986393,0.18046517198148648,0.1908929923453443,0.012315605406177679,0.011972071282936836,0.012679437128714138,0.5587794967651071,0.5428279607114679,0.5747310328187463,0.4479241876210521,0.4407196391364163,0.4551287361056878,13.03436803817749
90,10,0.1,0.002173913043478261,1,0.3333333333333333,0.027777777777777776,469.47355763953607,455.959217852813,482.9878974262591,441.5790232485516,431.2916413933783,451.8664051037249,920.7657994607345,893.1795795837726,948.3520193376963,0.21323791202852993,0.20737246527085892,0.21944482049727101,0.2014126187907354,0.19615187679912302,0.20696332088269737,0.010891123429321456,0.010725473016827212,0.011061970910021798,0.6100125733626637,0.5985981022855125,0.6214270444398149,0.38790704402154036,0.38062741729220545,0.39518667075087527,13.20407772064209
90,10,0.1,0.002,1,0.3333333333333333,0.027777777777777776,461.4766194405328,450.7070521270932,472.2461867539723,436.77161219822864,425.36269716119847,448.1805272352588,952.6121912088217,925.0817025329828,980.1426798846607,0.2169063186818955,0.21167962590221695,0.22239765596916192,0.20617488918183074,0.20087390702743052,0.21176323638760008,0.010484287960307682,0.010202543240725972,0.010782035441530604,0.6300239335105384,0.6144238923248504,0.6456239746962265,0.37785840245669156,0.37032096040860013,0.385395844504783,11.964313983917236
90,10,0.1,0.002325581395348837,1,0.3333333333333333,0.027777777777777776,467.3273413963608,456.0292794564584,478.62540333626316,445.34477855560016,434.2056519214497,456.4839051897506,897.5055239169924,873.0370575583788,921.973990275606,0.21508286814351543,0.20968410632390513,0.22076698209404444,0.20088514227574278,0.19541615997901443,0.20666905178251851,0.011115341222108381,0.010958461443151591,0.011276777975369613,0.6028976143965882,0.5899430066384236,0.6158522221547528,0.39722043445072197,0.38570384358082493,0.408737025320619,16.181278944015503
90,10,0.1,0.0020408163265306124,1,0.3333333333333333,0.027777777777777776,459.02286529768503,447.765143416436,470.28058717893407,433.3163023244917,425.24429385428766,441.3883107946957,942.8177725412755,915.0907611056397,970.5447839769114,0.21621969079410025,0.21018849116792235,0.22260723692797432,0.2056417138864022,0.20101453524583315,0.21048693896887916,0.010655221700645352,0.010353890229923375,0.010974618354058125,0.6178043112638615,0.6048700379751245,0.6307385845525985,0.37815492734100314,0.36760959242990654,0.38870026225209975,8.3000009059906
90,10,0.1,0.001694915254237288,1,0.3333333333333333,0.027777777777777776,440.16116581720564,429.78178449520425,450.54054713920704,416.4759192939613,409.18528378093197,423.7665548069906,1018.3798795396297,989.0058684221432,1047.753890657116,0.22732671230024262,0.22184571614203477,0.2330853999313351,0.21656610630526657,0.21307127197807227,0.220177498267579,0.009851268824062691,0.009604838064562598,0.010110677885799094,0.6462897914605356,0.6364705909341015,0.6561089919869696,0.35156389339227273,0.3445087940289814,0.3586189927555641,9.46663498878479
90,10,0.1,0.0016129032258064516,1,0.3333333333333333,0.027777777777777776,433.4606052111997,420.6517557046566,446.26945471774286,409.255122111522,397.5687083840654,420.94153583897855,1044.5668514584902,1013.6636795204693,1075.4700233965111,0.2290241327665691,0.22490231213366116,0.23329985653842183,0.2217690447343741,0.2166842838294312,0.22709818041959154,0.009508075270643956,0.009277437326936403,0.009750472922691291,0.6595300147383687,0.6410858160917002,0.6779742133850372,0.3404183625049112,0.332039310863976,0.3487974141458464,10.539833068847656
90,10,0.1,0.0017857142857142857,1,0.3333333333333333,0.027777777777777776,449.5057127834126,439.18781519043137,459.82361037639384,425.51526916206217,415.34741646877626,435.6831218553481,1002.1826237017477,987.3943842170379,1016.9708631864576,0.22243942282855234,0.2173624989665029,0.22775918142761456,0.21542563527312028,0.20973012873392718,0.22143911524632237,0.009999942249479183,0.009708760652576035,0.010309129901202547,0.6419773283210249,0.6281653754831037,0.6557892811589462,0.36131087714490795,0.3552763976013181,0.3673453566884978,18.076139211654663
90,10,0.1,0.0018867924528301887,1,0.3333333333333333,0.027777777777777776,457.4888217704735,447.91031078727275,467.0673327536743,428.319933756235,417.33713357616443,439.3027339363056,977.9974347304842,963.3784849652635,992.6163844957049,0.21972229778461821,0.21442703649293968,0.22528571337394157,0.2105794785153127,0.20615770801237007,0.21519508710800844,0.010224319821043227,0.01006926185483423,0.010384227994723237,0.6365313181601121,0.6217515998719129,0.6513110364483113,0.37053775155832197,0.36083051320823195,0.380244989908412,20.51963496208191
90,10,0.1,0.0014705882352941176,1,0.3333333333333333,0.027777777777777776,424.14245441414755,412.8536948137925,435.4312140145026,397.4471281501318,386.1485168424842,408.7457394577794,1103.31967017111,1087.137682404918,1119.5016579373018,0.23516978705891736,0.22871468553127683,0.2419998405682143,0.22599227420380738,0.2200869293334449,0.2322232595639938,0.0090665524823219,0.00893520804587249,0.009201815961989507,0.6803873291739342,0.6691372426047456,0.6916374157431228,0.3249678260375473,0.3186569932447978,0.33127865883029683,15.921962022781372
90,10,0.1,0.0015384615384615385,1,0.3333333333333333,0.027777777777777776,428.9555693735497,419.71329978470175,438.1978389623976,402.9143293066932,391.32142495967815,414.5072336537083,1075.3492490300239,1060.782588714652,1089.9159093453957,0.23305022911130518,0.22695346273552117,0.2394835989123288,0.2237064963415736,0.21751870524249872,0.23025664577180877,0.009280385996197411,0.009147032175193338,0.009417685651716008,0.670003236821539,0.6552030188133983,0.6848034548296796,0.33311163324009074,0.3269427874243131,0.3392804790558684,19.836961030960083
90,10,0.1,0.00196078431372549,1,0.3333333333333333,0.027777777777777776,457.6280310061384,446.25035334527365,469.0057086670031,435.22421014347833,422.4193876374279,448.02903264952874,957.9312733984867,944.4811439291146,971.3814028678588,0.21933666557957757,0.21411304725175295,0.2248215339723322,0.20887386232238514,0.20367091719462085,0.21434960348590887,0.010431249459049701,0.010128502126436964,0.010752653057634337,0.6266526378361829,0.6109652420510956,0.6423400336212701,0.37579570777427873,0.36966981109202474,0.3819216044565327,13.644848823547363
90,10,0.1,0.0016666666666666668,1,0.3333333333333333,0.027777777777777776,441.47809010380035,433.7458991992653,449.2102810083354,415.000448618642,402.6181047454898,427.3827924917942,1038.7760201002543,1009.1166715166945,1068.4353686838142,0.22685872518863684,0.22354137687837497,0.23027601536158415,0.21665495571755686,0.21058469400517493,0.2230855643926808,0.009662132734782388,0.009389386865473599,0.009951198279124189,0.640522309488868,0.6214066137563325,0.6596380052214035,0.34938759956424464,0.34184877236158595,0.35692642676690334,12.331891059875488
90,10,0.1,0.0015873015873015873,1,0.3333333333333333,0.027777777777777776,431.1052043325123,420.1764667301949,442.0339419348297,408.216014936211,401.07533782571625,415.3566920467058,1057.6548985653467,1028.484955723168,1086.8248414075254,0.23035288384591524,0.2237965542361836,0.23730495469579108,0.2205056132912984,0.21661455039634722,0.2245390240823874,0.009460333249348751,0.009234951242592876,0.009696991499760593,0.6608942524147211,0.6440827156854146,0.6777057891440276,0.3414841975851753,0.3342297745997154,0.34873862057063515,12.095923900604248
90,10,0.1,0.0013513513513513514,1,0.3333333333333333,0.027777777777777776,418.8471465256652,411.5901920857034,426.104100965627,384.72633487632504,373.44284868987563,396.00982106277445,1153.9986251668513,1136.8549835445292,1171.1422667891734,0.24207801057462278,0.23553684668740807,0.24899286556794217,0.23051196534119234,0.2267957027549168,0.23435204577101018,0.008702924461369138,0.008548995064146922,0.00886249866478329,0.6907189267168926,0.6726126796994331,0.7088251737343522,0.31201899837537944,0.30453487758240544,0.31950311916835344,18.83531904220581
90,10,0.1,0.0017543859649122807,1,0.3333333333333333,0.027777777777777776,443.0432247397792,429.8741768492475,456.2122726303109,416.1043217470307,404.92164496628396,427.2869985277775,1009.9010565304029,994.5299519488063,1025.2721611119996,0.2269194479955306,0.22033013423711711,0.23391503937288063,0.21688043461975612,0.2108741774926734,0.2232388710886534,0.009898846978744229,0.009614992526782155,0.010199971210502213,0.6441735512359856,0.6290590854061814,0.6592880170657899,0.3597480046065818,0.3514985623530774,0.3679974468600862,13.716078281402588
90,10,0.1,0.0014084507042253522,1,0.3333333333333333,0.027777777777777776,424.5816579946459,412.50665895106647,436.6566570382254,395.19024066928944,383.6909934011002,406.6894879374787,1134.4157255940243,1117.4229606860367,1151.4084905020118,0.2370846314082571,0.2310812488856116,0.24340826400520432,0.2286598701344865,0.22425267481721736,0.23324376565599667,0.008838413283126985,0.008708371129175952,0.008972398154092735,0.6847825654359344,0.6680999078363286,0.7014652230355403,0.3200551777153151,0.31306246257858955,0.32704789285204067,22.54326295852661
90,10,0.1,0.001639344262295082,1,0.3333333333333333,0.027777777777777776,441.4396776735076,431.49814479348527,451.38121055352997,412.5064854285742,400.39080266486826,424.6221681922801,1043.7942153178576,1014.1847533239372,1073.403677311778,0.23114819895753358,0.22457649786709213,0.23811610468072314,0.22097801880586457,0.2150348094068841,0.227259087190656,0.009581838507449985,0.0093040191534041,0.009876759985357112,0.6657940636804394,0.648401841088081,0.6831862862727978,0.3441353485148259,0.3369185231346111,0.3513521738950407,8.606973886489868
90,10,0.1,0.0015151515151515152,1,0.3333333333333333,0.027777777777777776,433.9413747854528,422.15201899140726,445.73073057949836,400.84259369311764,393.79659757644566,407.8885898097896,1075.961430565376,1045.2591288170026,1106.6637323137495,0.23359537430669924,0.2289683944014081,0.23841321458515918,0.2243550295836541,0.21967716417879096,0.22923645309192325,0.009254212242339096,0.008992039799866179,0.009532131634170644,0.6644097258423688,0.645558941752716,0.6832605099320216,0.3332274230291575,0.3235853564077692,0.34286948965054576,10.334388017654419
90,10,0.1,0.0012987012987012987,1,0.3333333333333333,0.027777777777777776,419.11963863750054,406.76881885223924,431.47045842276185,390.56450561447184,378.87758860186796,402.2514226270757,1187.4762537791594,1153.064907525149,1221.8876000331697,0.239288809157977,0.2345232193852347,0.24425209287385732,0.2303997161708178,0.22390434746204577,0.23728319961988098,0.008431268105507187,0.008314819145022552,0.008551025128470759,0.6875918227168805,0.669952886700222,0.7052307587335389,0.30548366570048496,0.29909056442934034,0.3118767669716296,22.161689043045044
90,10,0.1,0.001851851851851852,1,0.3333333333333333,0.027777777777777776,450.18643068215147,437.9407640903158,462.43209727398715,426.50103025060946,414.56922553960237,438.43283496161655,984.2156418343087,970.8079075309314,997.623376137686,0.22192767062948954,0.2156960781838513,0.2285300442533469,0.21037384049080846,0.20664467204780348,0.21424007778295756,0.010159128002951797,0.010006180351295347,0.01031682394075155,0.6352242508405941,0.6165753232772643,0.6538731784039239,0.3664992553059814,0.3571598440723664,0.37583866653959636,14.433632135391235
90,10,0.1,0.0014492753623188406,1,0.3333333333333333,0.027777777777777776,429.30220673751245,419.3450165555134,439.2593969195115,402.1386059283813,393.1884265739404,411.08878528282224,1115.0887073168196,1097.7587941532304,1132.418620480409,0.23433823060566053,0.22874289205171042,0.2402141710577053,0.22415968929778504,0.2207777947402329,0.22764680397024084,0.008958285423870607,0.00869911862318368,0.009233368768156577,0.6785452684412262,0.6643708392025152,0.6927196976799372,0.3230936951566526,0.3153771554607496,0.33081023485255556,16.761040925979614
90,10,0.1,0.0019230769230769232,1,0.3333333333333333,0.027777777777777776,452.92780264520064,440.8443407477987,465.0112645426026,429.5299402646784,418.22093682960434,440.8389436997524,967.3657925662501,953.5585356348482,981.173049497652,0.21925711302287756,0.21351626531031828,0.22531520069423316,0.20920984688615693,0.2054129157105746,0.21314978940466783,0.010337272023828559,0.010183061679156004,0.010496224851884482,0.6320073760217355,0.6172964293527622,0.6467183226907088,0.3734857249613153,0.3663366026138889,0.38063484730874175,19.323734760284424
90,10,0.1,0.0015625,1,0.3333333333333333,0.027777777777777776,434.921854009022,426.3264980413214,443.51720997672265,408.72749228108387,400.25320589698794,417.2017786651798,1067.601433405024,1038.3748166075195,1096.8280502025284,0.22976423831602388,0.225397617079609,0.2343033908388275,0.2229887319819104,0.21652441092523442,0.229850914876596,0.00935148515121249,0.009233236425550496,0.009472801958057055,0.6731407613650772,0.6542761981216826,0.6920053246084718,0.33899754445089103,0.3300017226724216,0.34799336622936045,19.106399297714233
90,10,0.1,0.0014925373134328358,1,0.3333333333333333,0.027777777777777776,426.7830867851637,418.20911318573786,435.3570603845895,400.1214687204622,391.0685385080988,409.17439893282557,1090.4801833575616,1059.3147731919564,1121.6455935231668,0.23598007340411503,0.23017441032466196,0.24208618584833894,0.2263266031702321,0.22021865805557808,0.2327830314879094,0.009127903629174941,0.008865416196227676,0.009406408782215233,0.6835418195233933,0.6647125697912818,0.7023710692555049,0.3267575577916383,0.3209484143429344,0.33256670124034216,11.98154592514038
90,10,0.1,0.0018181818181818182,1,0.3333333333333333,0.027777777777777776,453.73096817693937,443.692341819475,463.7695945344037,425.50269410176253,417.9985943238752,433.0067938796499,996.0427597447019,966.8608589437767,1025.224660545627,0.22123628453840483,0.21617853829939726,0.22653636405750804,0.21145571787666184,0.20638137069270832,0.21678588325209722,0.01004246761672569,0.009751591583388633,0.010351230006823456,0.6330368867363956,0.6151772475005073,0.6508965259722839,0.36343108122333395,0.35588195652618176,0.37098020592048614,10.383471965789795
90,10,0.1,0.0017241379310344827,1,0.3333333333333333,0.027777777777777776,437.1559135819585,425.1585169749012,449.15331018901577,413.1431885948069,402.22870034760854,424.0576768420052,1020.3201607180854,1002.878098963885,1037.7622224722859,0.2273167912790978,0.22361913380921775,0.23113879013656896,0.21797021972173083,0.2132372105507035,0.22291810586564217,0.009800118457686614,0.009639718295597297,0.009965946903041863,0.6579732371022345,0.6418072646383527,0.6741392095661164,0.3544661333918275,0.3455712270397628,0.36336103974389217,13.87970781326294
90,10,0.1,0.00125,1,0.3333333333333333,0.027777777777777776,415.3528879046111,404.04684864175834,426.6589271674639,385.95105206448324,375.62275144570015,396.2793526832663,1210.2207687235261,1191.8490246468969,1228.5925128001554,0.2432653387192611,0.2385347444987653,0.24818736257564963,0.23413614646404463,0.22975762864599497,0.2386847902375349,0.008246143409022808,0.00804210145606223,0.008460808684899342,0.7035550884766952,0.6921979084942207,0.7149122684591698,0.29587724816302136,0.28843320804437106,0.30332128828167165,16.407577753067017
90,10,0.1,0.0014285714285714286,1,0.3333333333333333,0.027777777777777776,430.20887328163974,419.80404656385895,440.61369999942053,400.83369231771866,390.7616392042806,410.90574543115673,1120.6314948779152,1100.9323233049445,1140.330666450886,0.23392024652044485,0.2276913732123184,0.24049950748070634,0.22423559714105953,0.21900298195754822,0.2297243774991168,0.008924110248255226,0.008772801094696877,0.009080730422251071,0.674691392086788,0.6623743298828254,0.6870084542907505,0.32545957783792817,0.3192261983939715,0.33169295728188486,14.30604100227356
90,10,0.1,0.0013333333333333333,1,0.3333333333333333,0.027777777777777776,419.1497665038486,411.4485011226146,426.8510318850826,394.35825351630905,383.52597027400924,405.19053675860886,1163.7930374052728,1146.1313928579827,1181.4546819525629,0.2377818798399774,0.2317786321755629,0.24410437384383077,0.23174701138887988,0.22549684174537632,0.238353534177433,0.008600126156533088,0.00847676780251395,0.008727127881226232,0.6955060757340435,0.6831550877500311,0.707857063718056,0.3074214574011282,0.3029177171950018,0.31192519760725457,24.0243239402771
90,10,0.1,0.001388888888888889,1,0.3333333333333333,0.027777777777777776,420.0082523933858,408.05513745344325,431.9613673333284,394.3794893639495,382.85608059881605,405.902898129083,1135.1539491249696,1119.2545342791632,1151.053363970776,0.23736534508230894,0.233127292568663,0.24176033891048854,0.2299638219144368,0.22437495081760234,0.23583822744908275,0.008808349318528166,0.008672790878258422,0.008948212688026872,0.694843210824436,0.6759787425410836,0.7137076791077884,0.3148651928978361,0.3069259584471577,0.3228044273485145,22.734405994415283
90,10,0.1,0.001282051282051282,1,0.3333333333333333,0.027777777777777776,414.891619573992,403.8994336016069,425.88380554637706,386.68714301797434,375.2068308379249,398.1674551980238,1188.841417282475,1168.0866755356155,1209.5961590293346,0.24023360924854828,0.23583494883828313,0.24479947086599016,0.23183703493163205,0.2275775872898171,0.23625896730703788,0.008377136306822146,0.008243944522995844,0.008514702543143631,0.6961539646646611,0.683117269586503,0.7091906597428191,0.301609865202376,0.2947089288551256,0.30851080154962635,24.067520141601562
90,10,0.1,0.0012048192771084338,1,0.3333333333333333,0.027777777777777776,409.69251791360404,399.97480161235495,419.4102342148531,377.4570822587131,368.5682296303973,386.34593488702893,1237.4908129744117,1213.3188994085076,1261.6627265403158,0.2444549743068057,0.23828441919514667,0.25095360762729013,0.2361672312049808,0.23181213692444008,0.2406890984811776,0.008081413408142925,0.007935122541149952,0.008233199583973182,0.6968674201875128,0.6783053415602159,0.7154294988148097,0.2923214500747636,0.28586463565016623,0.298778264499361,15.561340093612671
90,10,0.1,0.0010869565217391304,1,0.3333333333333333,0.027777777777777776,396.2934451053193,384.7889366693612,407.79795354127737,370.72566445496926,363.087218204522,378.3641107054165,1320.2234319037468,1300.0279165872562,1340.4189472202374,0.2518163858432708,0.2467562633758764,0.2570883845887786,0.24516173589205278,0.2383645669498254,0.252357937738106,0.007596384081191708,0.007473772452953299,0.007723085842060253,0.7388923751258178,0.7222336901369544,0.7555510601146813,0.26915748178097937,0.2625044617831122,0.27581050177884653,18.68625783920288
90,10,0.1,0.0010526315789473684,1,0.3333333333333333,0.027777777777777776,397.425770655082,386.4409109064682,408.41063040369573,369.1690104380556,358.5872969869793,379.75072388913185,1338.0133539723756,1316.007695726989,1360.0190122177623,0.2532219185990388,0.2458578204456496,0.26104078714295664,0.2442618947483627,0.23914821396394806,0.24959904452950724,0.007485673121565189,0.007384980594266665,0.007589149444606154,0.7508716439828907,0.7288447801802552,0.7728985077855263,0.2684427612178433,0.2613979278526483,0.27548759458303823,19.79154896736145
90,10,0.1,0.0013157894736842105,1,0.3333333333333333,0.027777777777777776,417.00829952207073,410.1678715567476,423.84872748739383,389.2602529130911,377.6733023506518,400.8472034755304,1161.5075046935945,1127.824057573441,1195.190951813748,0.24053433777267128,0.23358637535889606,0.24790830194913022,0.22987374658789933,0.22559077024055874,0.2343225000736694,0.008613004791361775,0.008396539981772326,0.008840925978259329,0.6932502086644079,0.676842898735508,0.7096575185933078,0.3095416918842714,0.3040461365016076,0.31503724726693516,13.66378402709961
90,10,0.1,0.0011235955056179776,1,0.3333333333333333,0.027777777777777776,400.1501306211177,389.7581205168111,410.54214072542425,372.6691967070446,363.45807754611087,381.8803158679783,1295.8978408782896,1275.4961314819534,1316.2995502746257,0.248551786784391,0.24489255426086182,0.25232203202013437,0.24162159174919917,0.2356186697066474,0.2479383866285711,0.007732549730610179,0.007617183922055212,0.007851463817617695,0.7234904659753323,0.706137270846816,0.7408436611038486,0.278159821502309,0.2706942744459842,0.2856253685586338,23.07369303703308
90,10,0.1,0.0010204081632653062,1,0.3333333333333333,0.027777777777777776,392.65316345862425,382.6383720783334,402.6679548389151,365.73773136372984,355.952089409756,375.52337331770366,1370.6979033954326,1352.5871144511711,1388.808692339694,0.25567132763461015,0.24830364341681468,0.26348961101505125,0.24840208323550708,0.2413342911686709,0.2558963441734073,0.0073060947728437195,0.007107780403057865,0.007515793116173746,0.7389819436882974,0.7192427020358843,0.7587211853407105,0.26442268327430846,0.2571104928328031,0.27173487371581384,16.39462399482727
90,10,0.1,0.0011904761904761906,1,0.3333333333333333,0.027777777777777776,405.0594116329804,393.8074991133356,416.3113241526252,379.9356046687927,370.0572878591515,389.8139214784339,1245.2337703633946,1209.8814645857638,1280.5860761410254,0.2483548689806618,0.24131723289894946,0.2558153188480514,0.23719693202981215,0.23246996758643582,0.24212011934318292,0.00801737773553027,0.007796526992080559,0.008251105230647161,0.7126037766294102,0.6972345507908991,0.7279730024679213,0.2882322083210249,0.2806303411559516,0.29583407548609825,10.066497087478638
90,10,0.1,0.0011627906976744186,1,0.3333333333333333,0.027777777777777776,404.3431843753928,393.480482665832,415.2058860849536,375.8426397053569,366.3360882085886,385.34919120212516,1260.6994930415287,1242.546057746441,1278.8529283366165,0.24601199676202545,0.23959791012077514,0.25277894242091753,0.23920608445495758,0.2327777486404145,0.24599955045321648,0.007907070699294243,0.00771139662262907,0.00811293364177893,0.7169539190528982,0.702423540094113,0.7314842980116834,0.28354447494998075,0.27622482529824877,0.29086412460171274,25.616199254989624
90,10,0.1,0.0012658227848101266,1,0.3333333333333333,0.027777777777777776,417.5101489128703,405.0313174397915,429.9889803859491,382.60283537404223,376.05501792986007,389.1506528182244,1198.6611394019624,1164.2399702225557,1233.082308581369,0.2430683853989409,0.2390244247232727,0.24725153737302305,0.2325299382730214,0.22589845212186926,0.2395625483087335,0.008324992976060121,0.008098518918868402,0.008564498081596233,0.6998842736804368,0.6832814281271704,0.7164871192337032,0.29971724389534693,0.29154852771051304,0.3078859600801808,13.068748235702515
90,10,0.1,0.0013698630136986301,1,0.3333333333333333,0.027777777777777776,413.1791074831096,401.81215825895794,424.54605670726124,386.69183711339815,375.5270434463505,397.8566307804458,1137.8160034513417,1120.9545259274216,1154.6774809752617,0.24135991359418793,0.2355268691576856,0.24748921682162214,0.22933180484598173,0.22370641670185287,0.23524740614603143,0.008779915622377801,0.00863864022215261,0.008925888652780595,0.693382245862748,0.6741986796311711,0.7125658120943249,0.3145330140256851,0.30619462717720597,0.32287140087416427,16.455990076065063
90,10,0.1,0.0012345679012345679,1,0.3333333333333333,0.027777777777777776,414.5241114887216,402.40973503242157,426.6384879450216,388.2792162335182,377.00942423977045,399.5490082272659,1221.0694676515616,1184.4378929063507,1257.7010423967724,0.2407542818705206,0.2358165555419707,0.24590321111775051,0.23115532704305086,0.2256673254236258,0.23691690713709776,0.008232855438424934,0.008094306931779373,0.008376229553810219,0.6998124538203645,0.682573040081059,0.71705186755967,0.29812051122521177,0.29221723186890397,0.30402379058151957,22.512094974517822
90,10,0.1,0.0010416666666666667,1,0.3333333333333333,0.027777777777777776,397.1658805060215,389.59093233024004,404.74082868180295,367.58775994538354,357.8475948304661,377.32792506030097,1344.335551674975,1305.388149164023,1383.282954185927,0.2525142859064963,0.24661144767096785,0.2587066318527506,0.24415408361606172,0.23994420607963635,0.24851432592100614,0.007400783297229426,0.00722853194650326,0.007581444327084492,0.7330797701195938,0.7188656542532261,0.7472938859859615,0.26325664614075817,0.25688077819300514,0.2696325140885112,14.85824203491211
90,10,0.1,0.001075268817204301,1,0.3333333333333333,0.027777777777777776,396.1994362037175,385.9827441398997,406.41612826753527,367.84499190358605,359.00259754243774,376.68738626473436,1326.7659760857086,1308.1444141128977,1345.3875380585196,0.25146184773645086,0.24676635416087808,0.2563395000391413,0.2449381059957026,0.23803970572960934,0.2522482710576709,0.007536969201744054,0.007435502418079484,0.007641243582398995,0.7290393839236382,0.7079992624725446,0.7500795053747318,0.269525480424615,0.2629311473579205,0.2761198134913095,17.05733609199524
90,10,0.1,0.00101010101010101,1,0.3333333333333333,0.027777777777777776,393.1421558446546,381.5679430961378,404.7163685931714,363.98828171930967,354.00215240458095,373.9744110340384,1381.1207760880343,1342.8403345712416,1419.401217604827,0.2542766831768791,0.247717193745959,0.2611930088259624,0.2476239829934026,0.2413329189843149,0.2542518166928981,0.007285112961821971,0.007185736465733711,0.007387276696497342,0.739764491369042,0.7250859371569237,0.7544430455811603,0.2606230130604264,0.25473861808386944,0.26650740803698336,15.545860767364502
90,10,0.1,0.0011111111111111111,1,0.3333333333333333,0.027777777777777776,406.014634333693,398.8132351216791,413.21603354570686,378.5314668889012,372.4169563879066,384.6459773898958,1293.2000704647994,1271.3000055826267,1315.1001353469721,0.24749442162497495,0.2409197988188748,0.2544379503823556,0.2395783733282153,0.23348975457786997,0.24599303511394083,0.00774124203934688,0.007518466239463058,0.007977622872894037,0.723689203060508,0.7034845406428076,0.7438938654782083,0.2818020602254223,0.2745441764910245,0.2890599439598201,17.439247846603394
90,10,0.1,0.001176470588235294,1,0.3333333333333333,0.027777777777777776,403.88709557831726,394.6789889043216,413.0952022523129,377.9050190027491,367.5055965927445,388.3044414127537,1258.1855692939712,1220.7002680386697,1295.6708705492726,0.24871584545312458,0.24302872892177393,0.25467550832909147,0.24042538441111064,0.23454860275219125,0.24660422832240106,0.007985353632736818,0.007870524388191486,0.008103583154151894,0.7201829799349826,0.7076790700041821,0.7326868898657831,0.290316876442019,0.2827793122912212,0.29785444059281674,19.479753971099854
90,10,0.1,0.0012195121951219512,1,0.3333333333333333,0.027777777777777776,411.3584643968357,399.3648924879063,423.3520363057651,379.0945129479574,368.1737217573636,390.01530413855124,1220.9080949949787,1193.6661437605314,1248.150046229426,0.24630810491469235,0.24004383487095024,0.2529080850467814,0.23636515613020792,0.23013310722299454,0.24294413000395826,0.008194680126999481,0.008077920351494147,0.008314864741143839,0.7085323624319255,0.6942426717726184,0.7228220530912326,0.29744562265543495,0.2887215004468575,0.3061697448640124,16.37076187133789
90,10,0.1,0.0011494252873563218,1,0.3333333333333333,0.027777777777777776,406.4628083367683,397.5311159109353,415.39450076260135,383.9141290273603,372.64777770391515,395.1804803508054,1265.3176483429072,1247.4914363502412,1283.1438603355732,0.24218648163908166,0.23594446764466773,0.24876774093181342,0.23439623507471055,0.22881918022128292,0.24025194289999008,0.007862865848929779,0.0076558876355195685,0.008081346412120032,0.7209741265248178,0.6996435283955471,0.7423047246540886,0.2824933955324348,0.2768985556760678,0.2880882353888018,18.25993013381958
90,10,0.1,0.0010638297872340426,1,0.3333333333333333,0.027777777777777776,400.16637935798,389.7423960130814,410.5903627028786,370.83285934603595,361.2032847470183,380.4624339450536,1336.1010919655296,1296.3167204174836,1375.8854635135756,0.2517594364199966,0.24578854362346944,0.2580276514583577,0.2427651288805831,0.2370097228087266,0.24880701348844597,0.007540413563500583,0.007323153386177907,0.007770959047332358,0.729863072744396,0.7086583358498585,0.7510678096389335,0.2704997213189246,0.2642694858122007,0.27672995682564844,8.335654973983765
90,10,0.1,0.0010309278350515464,1,0.3333333333333333,0.027777777777777776,395.4354348248743,383.7593681366521,407.11150151309647,368.5217966795101,360.45785459990407,376.5857387591161,1357.7632697157262,1336.1301691051456,1379.3963703263069,0.25254071529609157,0.24678365489994397,0.2585727971642317,0.24545577925417905,0.23931734030154578,0.2519174072479925,0.007341525563756914,0.00714476068168978,0.007549435075133409,0.7389380463739534,0.7185763449629249,0.759299747784982,0.2619008087004989,0.2558465309918642,0.2679550864091336,10.589977979660034
90,10,0.1,0.001098901098901099,1,0.3333333333333333,0.027777777777777776,395.4369037274846,385.1976831372615,405.6761243177077,367.6264965916835,357.9491689866678,377.3038241966992,1305.1706252310341,1269.2636738375109,1341.0775766245574,0.2520885913812938,0.24516547761800112,0.25941406435059844,0.24262775672775272,0.23847333050035643,0.2469294972090495,0.00765610546010018,0.007543072139252915,0.007772577937036405,0.7236107114761842,0.7030188930637181,0.7442025298886502,0.2762409475328653,0.27024278208174085,0.2822391129839898,7.622716188430786
90,10,0.1,0.001,1,0.3333333333333333,0.027777777777777776,388.1363846765608,379.688402454928,396.5843668981936,357.27407383614275,346.8223294004309,367.7258182718546,1385.4082758729155,1364.0706397429767,1406.7459120028543,0.2578784696297636,0.25143667845111534,0.26465901623348453,0.25081490767275566,0.24617025959346606,0.2556381931697933,0.007216186722619657,0.00711997342242813,0.007315035932629471,0.7466551199098337,0.7275643254990528,0.7657459143206146,0.2582413458662501,0.25225205764010755,0.2642306340923926,9.472591161727905
90,10,0.1,0.0011363636363636363,1,0.3333333333333333,0.027777777777777776,395.04306043152263,383.73763372091577,406.3484871421295,365.252600435759,355.3510308642876,375.1541700072304,1281.8201702059164,1263.7710689417213,1299.8692714701115,0.25181918551483473,0.2450057427396848,0.2590224226070734,0.24089766315142816,0.2356558005482767,0.2463780280239767,0.00780064512062753,0.007680732235931536,0.007924361587778848,0.7245225660445238,0.7035801801023597,0.7454649519866879,0.2825085372125378,0.2756655675918276,0.28935150683324806,7.355481147766113
